{"cameraMode":{"drawMode":0,"name":"Shaded","section":"Shading Mode"},"sceneLighting":true,"audioPlay":false,"sceneViewState":{"showFog":true,"showMaterialUpdate":false,"showSkybox":true,"showFlares":true,"showImageEffects":true,"showParticleSystems":true},"in2DMode":false,"pivot":{"x":6.063551902770996,"y":7.862980842590332,"z":14.0758056640625},"rotation":{"x":0.09016964584589005,"y":0.2159305065870285,"z":-0.0200288537889719,"w":0.9720300436019898},"size":31.508394241333009,"orthographic":true}