{"cameraMode":{"drawMode":0,"name":"Shaded","section":"Shading Mode"},"sceneLighting":false,"audioPlay":false,"sceneViewState":{"showFog":true,"showMaterialUpdate":false,"showSkybox":true,"showFlares":true,"showImageEffects":true,"showParticleSystems":true},"in2DMode":false,"pivot":{"x":0.04015642777085304,"y":3.3009543418884279,"z":15.651285171508789},"rotation":{"x":-0.11215180903673172,"y":-0.16612547636032105,"z":0.019020797684788705,"w":-0.979521632194519},"size":19.63103485107422,"orthographic":true}