{"cameraMode":{"drawMode":0,"name":"Shaded","section":"Shading Mode"},"sceneLighting":false,"audioPlay":false,"sceneViewState":{"showFog":true,"showMaterialUpdate":false,"showSkybox":true,"showFlares":true,"showImageEffects":true,"showParticleSystems":true},"in2DMode":false,"pivot":{"x":-40.27922058105469,"y":8.722809791564942,"z":-19.898393630981447},"rotation":{"x":0.01809859462082386,"y":-0.6564838886260986,"z":0.015758631750941278,"w":0.7539582848548889},"size":10.275941848754883,"orthographic":false}