{"cameraMode":{"drawMode":0,"name":"Shaded","section":"Shading Mode"},"sceneLighting":false,"audioPlay":false,"sceneViewState":{"showFog":true,"showMaterialUpdate":false,"showSkybox":true,"showFlares":true,"showImageEffects":true,"showParticleSystems":true},"in2DMode":false,"pivot":{"x":0.059998512268066409,"y":1.6363189220428467,"z":8.579463958740235},"rotation":{"x":0.03648815676569939,"y":-0.011696192435920239,"z":-0.0004271732468623668,"w":-0.9992655515670776},"size":17.846309661865236,"orthographic":false}