{"cameraMode":{"drawMode":0,"name":"Shaded","section":"Shading Mode"},"sceneLighting":false,"audioPlay":false,"sceneViewState":{"showFog":true,"showMaterialUpdate":false,"showSkybox":true,"showFlares":true,"showImageEffects":true,"showParticleSystems":true},"in2DMode":false,"pivot":{"x":-0.03560173511505127,"y":-0.5299999713897705,"z":-0.02492988109588623},"rotation":{"x":0.028505656868219377,"y":0.3111024498939514,"z":-0.009335868991911412,"w":0.9499029517173767},"size":3.4294607639312746,"orthographic":false}