{"cameraMode":{"drawMode":0,"name":"Shaded","section":"Shading Mode"},"sceneLighting":false,"audioPlay":false,"sceneViewState":{"showFog":true,"showMaterialUpdate":false,"showSkybox":true,"showFlares":true,"showImageEffects":true,"showParticleSystems":true},"in2DMode":false,"pivot":{"x":3.690000057220459,"y":-0.06045180559158325,"z":-3.0778679847717287},"rotation":{"x":0.04520902782678604,"y":-0.9175146818161011,"z":0.10923734307289124,"w":0.3797239065170288},"size":5.71209192276001,"orthographic":true}