{"cameraMode":{"drawMode":0,"name":"Shaded","section":"Shading Mode"},"sceneLighting":false,"audioPlay":false,"sceneViewState":{"showFog":true,"showMaterialUpdate":false,"showSkybox":true,"showFlares":true,"showImageEffects":true,"showParticleSystems":true},"in2DMode":false,"pivot":{"x":224.6982421875,"y":129.43499755859376,"z":8.835000038146973},"rotation":{"x":0.0473567470908165,"y":0.28942805528640749,"z":-0.014338402077555657,"w":0.9559201002120972},"size":465.9503173828125,"orthographic":false}