{"cameraMode":{"drawMode":0,"name":"Shaded","section":"Shading Mode"},"sceneLighting":false,"audioPlay":false,"sceneViewState":{"showFog":true,"showMaterialUpdate":false,"showSkybox":true,"showFlares":true,"showImageEffects":true,"showParticleSystems":true},"in2DMode":false,"pivot":{"x":5.848203182220459,"y":-0.1387050747871399,"z":-2.9528303146362306},"rotation":{"x":0.20276221632957459,"y":-0.17575539648532868,"z":0.03702101483941078,"w":0.9626146554946899},"size":1.3578839302062989,"orthographic":false}