{"cameraMode":{"drawMode":0,"name":"Shaded","section":"Shading Mode"},"sceneLighting":true,"audioPlay":false,"sceneViewState":{"showFog":true,"showMaterialUpdate":false,"showSkybox":true,"showFlares":true,"showImageEffects":true,"showParticleSystems":true},"in2DMode":false,"pivot":{"x":9.297048568725586,"y":3.9507598876953127,"z":10.714742660522461},"rotation":{"x":0.1687455028295517,"y":0.28110095858573916,"z":-0.050279974937438968,"w":0.9433870911598206},"size":13.837955474853516,"orthographic":true}