{"cameraMode":{"drawMode":0,"name":"Shaded","section":"Shading Mode"},"sceneLighting":false,"audioPlay":false,"sceneViewState":{"showFog":true,"showMaterialUpdate":false,"showSkybox":true,"showFlares":true,"showImageEffects":true,"showParticleSystems":true},"in2DMode":false,"pivot":{"x":-1.1536915302276612,"y":1.719071865081787,"z":5.57905387878418},"rotation":{"x":-0.03189237415790558,"y":-0.702925443649292,"z":0.03158149868249893,"w":-0.7098459601402283},"size":2.004080295562744,"orthographic":false}