{"cameraMode":{"drawMode":0,"name":"Shaded","section":"Shading Mode"},"sceneLighting":false,"audioPlay":false,"sceneViewState":{"showFog":true,"showMaterialUpdate":false,"showSkybox":true,"showFlares":true,"showImageEffects":true,"showParticleSystems":true},"in2DMode":false,"pivot":{"x":3.690000057220459,"y":-0.06045180559158325,"z":-3.0778679847717287},"rotation":{"x":0.011778662912547589,"y":-0.7560198903083801,"z":0.013609821908175946,"w":0.654301106929779},"size":7.223136901855469,"orthographic":false}