{"cameraMode":{"drawMode":0,"name":"Shaded","section":"Shading Mode"},"sceneLighting":false,"audioPlay":false,"sceneViewState":{"showFog":true,"showMaterialUpdate":false,"showSkybox":true,"showFlares":true,"showImageEffects":true,"showParticleSystems":true},"in2DMode":false,"pivot":{"x":37.88862609863281,"y":5.385125637054443,"z":-4.427717208862305},"rotation":{"x":-0.045366182923316959,"y":0.026969242841005327,"z":-0.0012251394800841809,"w":-0.9986055493354797},"size":26.102930068969728,"orthographic":false}